<?xml version="1.0" encoding="UTF-8"?>
<extension type="module" version="1.6" client="site" method="upgrade">
	<name>Procesos de Compra</name>
	<author>Edward Ceballos Camacho</author>
	<creationDate>Jul 2025</creationDate>
	<copyright>Copyright (C) 2025 Edward Ceballos Camacho</copyright>
	<license>GNU General Public License version 2 or later</license>
	<authorEmail>eceballos@dgcp.gob.do</authorEmail>
	<authorURL>https://www/.dgcp.gob.do</authorURL>
	<version>1.5</version>
	<description>Muestra los detalles de los procesos de compra gestionados a través del Sistema Electrónico de Contrataciones Públicas (SECP) - Portal Transaccional.</description>
	
	<files>
		<filename>mod_processes.xml</filename>
		<filename module="mod_processes">mod_processes.php</filename>
		<filename>index.html</filename>
		<folder>assets</folder>
		<folder>cache</folder>
		<folder>tmpl</folder>
	</files>

	<updateservers>
    	<server type="extension" name="Procesos de Compra" priority="1">https://github.com/Innovacompras/procesos-de-compras/raw/refs/heads/main/joomla/update.xml</server>
	</updateservers>

	<config>
		<fields name="params">
			<fieldset name="basic">

				<field name="codigo_uc" type="text" default="000007" label="Código UC" description="Este campo es obligatorio para que los procesos de compra puedan listarse." class="required"/>

				<field name="color_text" type="color" default="#1761c3" label="Color para títulos" description="Este campo es opcional y acepta un color en hexadecimal" />

				<field name="color_text2" type="color" default="#1761c3" label="Color para títulos (Franja blanca)" description="Este campo es opcional y acepta un color en hexadecimal" />

				<field name="color_bg" type="color" default="#e1f1ff" label="Color para fondo de los títulos" description="Este campo es opcional y acepta un color en hexadecimal" />

				<field name="color_buttom" type="color" default="#1761c4" label="Color para botón" description="Este campo es opcional y acepta un color en hexadecimal" />

				<field name="font" type="radio" default="0" label="¿Incluir FontAwesome?" description="Activar o desactivar la inclusión de la fuente de iconos">
					<option value="1">Si</option>
					<option value="0">No</option>
				</field>

				<field name="css" type="radio" default="0" label="¿Incluir Bootstrap 4?" description="Activar o desactivar la inclusión de los archivos de Bootstrap">
					<option value="1">Si</option>
					<option value="0">No</option>
				</field>
			</fieldset>
		</fields>
	</config>
</extension>